{
  "project_info": {
    "project_number": "772658477178",
    "project_id": "investor-c95fa",
    "storage_bucket": "investor-c95fa.appspot.com"
  },
  "client": [
    {
      "client_info": {
        "mobilesdk_app_id": "1:772658477178:android:057443ae399af309be63c3",
        "android_client_info": {
          "package_name": "com.example.mainactivity"
        }
      },
      "oauth_client": [
        {
          "client_id": "772658477178-tffeof5hg72ufrigp0b3jn640astmmnj.apps.googleusercontent.com",
          "client_type": 3
        }
      ],
      "api_key": [
        {
          "current_key": "AIzaSyDu1YN3sor-BdRYgUeyCyZgHNde4SuAxbI"
        }
      ],
      "services": {
        "appinvite_service": {
          "other_platform_oauth_client": [
            {
              "client_id": "772658477178-tffeof5hg72ufrigp0b3jn640astmmnj.apps.googleusercontent.com",
              "client_type": 3
            }
          ]
        }
      }
    }
  ],
  "configuration_version": "1"
}